Episode,Reward
0,-658.4205018757759
1,-736.2563633013923
2,-678.9981312136374
3,-744.9408986038394
4,-751.4687661043312
5,-752.7408262393582
6,-580.1030831468706
7,-624.1287800387818
8,-820.813223404035
9,-662.5398340525438
10,-673.1015620976934
11,-689.7032920471153
12,-668.012340207328
13,-594.6544658514166
14,-727.4343748647872
15,-669.767188607945
16,-666.43440511462
17,-693.9064490240072
18,-744.7487648687941
19,-626.747828428867
20,-552.2190812744315
21,-795.6374226711029
22,-642.0133954939112
23,-566.8562075684949
24,-695.4191471695913
25,-822.8004054464044
26,-654.3373139891045
27,-722.2631890641153
28,-763.7303203363255
29,-778.4056110095015
30,-683.2576663733885
31,-644.3644345498064
32,-654.291597123493
33,-637.0752454268985
34,-667.0911741119473
35,-698.0716876310461
36,-810.929089868027
37,-725.9895291416979
38,-663.477411956551
39,-538.2820257905307
40,-652.2072962190508
41,-774.2179751224402
42,-622.6314216281066
43,-802.2705112097233
44,-668.8416468415785
45,-632.2919626667401
46,-596.6124367075697
47,-637.2759667745498
48,-696.4617589430674
49,-654.1320005012049
50,-725.0525019720837
51,-572.1263666821434
52,-568.4379181641308
53,-629.720955861132
54,-594.3209917107937
55,-704.2203407658589
56,-590.7506748041933
57,-680.2265551337873
58,-651.2291101282912
59,-746.008113475247
60,-770.136465724961
61,-656.4554837079288
62,-645.8263320506093
63,-786.4974749486562
64,-708.2110948894383
65,-888.435180363362
66,-665.2086738845011
67,-945.6521438830953
68,-738.0789380867328
69,-696.2926657523394
70,-664.310699639937
71,-672.4254030681217
72,-632.2783039796865
73,-692.1529055687242
74,-630.0541419925527
75,-706.4607036447459
76,-550.2142927845479
77,-727.064096589248
78,-671.2730053028826
79,-605.5440686920127
80,-605.5927887458757
81,-908.3811697975922
82,-886.2784035197055
83,-700.3465662418853
84,-642.6597673917406
85,-771.4950900164671
86,-673.3498119212635
87,-698.0030513420954
88,-606.1951077890412
89,-699.7671718423201
90,-692.0255629115779
91,-686.4434169854122
92,-797.1413278427971
93,-654.0244665872756
94,-564.4881830149232
95,-645.5315340821066
96,-638.3373935980217
97,-634.6394331760334
98,-664.2406125876797
99,-681.3213822524737
100,-592.5259576445283
101,-615.2972397887535
102,-565.253242368527
103,-606.5194407835878
104,-598.9020482144359
105,-727.0359624407921
106,-708.655437500737
107,-736.4557588343012
108,-787.9879139012457
109,-753.5166845368973
110,-646.9618420142166
111,-713.1693075440734
112,-673.1065617161336
113,-682.3669833899102
114,-672.5778949614735
115,-774.8959537948904
116,-631.3430586589217
117,-666.132812494728
118,-619.4123288223568
119,-673.6254179657088
120,-628.4325092620854
121,-720.2050520081054
122,-863.6499970866467
123,-509.6700786890184
124,-620.2707336366101
125,-622.3244210275975
126,-720.164769449618
127,-692.8834841095967
128,-725.6450609504875
129,-645.1528948247146
130,-764.0412209796964
131,-555.4090419580365
132,-685.19456512158
133,-708.6308580798453
134,-672.1959077190708
135,-504.70658948481815
136,-730.793402144028
137,-562.5533307958558
138,-663.6595131431857
139,-697.2405487952533
140,-634.5832818481385
141,-795.254971714309
142,-710.6127857776925
143,-680.4950837268979
144,-607.6176651788576
145,-820.7506677447639
146,-726.7607578696234
147,-732.4369736137835
148,-594.1206218649049
149,-911.1200919610811
150,-649.1981402816465
151,-669.4800063615426
152,-745.374765914328
153,-662.3824444873433
154,-741.9339978018169
155,-690.424023973862
156,-642.2073127505195
157,-654.6261973577305
158,-718.1071812552375
159,-835.1201468430904
160,-718.9373223143803
161,-631.9981194513776
162,-927.8342395736545
163,-795.6634834058963
164,-672.3810014046541
165,-617.148317833246
166,-730.1882170761849
167,-714.315307462919
168,-667.1021559317124
169,-739.7504748492465
170,-704.6242849410247
171,-688.1809819799794
172,-739.2572840150783
173,-620.9901698949321
174,-754.1522746903584
175,-824.2206693601158
176,-790.0723348544911
177,-722.2705509177213
178,-767.1159546116781
179,-736.6762155703008
180,-600.9756075149847
181,-536.9213621747128
182,-573.1108710656692
183,-696.6195268476704
184,-658.1223185779351
185,-634.4281683621443
186,-706.1293133613336
187,-742.3677004940308
188,-622.151880824282
189,-667.6691039848819
190,-768.1198778195994
191,-638.4303888556036
192,-735.7106349106592
193,-610.1918231105826
194,-727.773294378815
195,-711.0753053065315
196,-702.3629662717088
197,-634.2192622891549
198,-711.2013166995322
199,-680.5440300082677
200,-594.9562129633473
201,-611.6679719097381
202,-603.7404936818184
203,-679.7291710447026
204,-777.9516554642252
205,-790.0920104086968
206,-687.8408440493537
207,-743.0379169324301
208,-655.0302452671297
209,-675.3960828619686
210,-580.6657259029627
211,-671.6456867224168
212,-609.3060442971212
213,-762.7052610827845
214,-695.9420612595712
215,-643.3202318060244
216,-648.8535823676093
217,-627.8291045346353
218,-718.5265448465949
219,-634.1271117671395
220,-712.9383700099355
221,-672.9403264251711
222,-646.7944800291688
223,-706.8799358972992
224,-776.5334974413767
225,-709.5763882467364
226,-600.8795647497759
227,-682.2451493729517
228,-567.2837285685969
229,-707.875369944562
230,-861.4065352475257
231,-585.9216525113601
232,-528.8010602958932
233,-606.3535752954703
234,-759.1763146409963
235,-595.3717489641975
236,-596.209812608232
237,-721.9195314723995
238,-629.5482476519617
239,-664.6329008505764
240,-757.9155198517248
241,-614.5839189126716
242,-871.5236535623179
243,-624.2992126977401
244,-583.5347248277349
245,-631.1989131305618
246,-692.8847161806216
247,-698.9277653285096
248,-714.2483693982101
249,-749.0848427844195
250,-827.0397916314778
251,-622.221124365588
252,-666.7770665996516
253,-685.0229687790677
254,-824.900500425887
255,-703.9051375976186
256,-601.7019930019442
257,-627.8761026944037
258,-676.7682320897621
259,-616.198031394302
260,-642.1449139229933
261,-684.8919905538372
262,-614.0521014333765
263,-682.5610286605919
264,-794.0622471085627
265,-738.3500249959835
266,-667.398692569858
267,-574.2807803845684
268,-707.5308674070535
269,-765.6179700521964
270,-555.4102437040873
271,-610.2381720648244
272,-686.663103815128
273,-609.7685366877803
274,-611.4856094910292
275,-728.3504392022318
276,-765.0027222112137
277,-632.0136294191014
278,-671.0152773799958
279,-706.2562087562909
280,-584.490154605871
281,-695.773826652899
282,-598.4111879018942
283,-612.4239339745902
284,-606.6193491726316
285,-741.0019255221993
286,-681.8324158737362
287,-643.8060259567014
288,-874.794346266405
289,-729.4427766153993
290,-564.6757628063191
291,-709.3704069624154
292,-809.6885039543216
293,-619.5625705297412
294,-661.6810189497103
295,-639.8398464924667
296,-600.4285909296273
297,-691.1344612475434
298,-822.662918654348
299,-701.6616662731343
300,-794.7748613742092
301,-668.5517792199441
302,-606.949026677662
303,-601.7913914316956
304,-760.8822302872663
305,-611.5925582193088
306,-748.2435834464623
307,-673.897029970482
308,-674.45137191946
309,-656.7553183640865
310,-639.7760965277199
311,-653.5506014338017
312,-793.5101869835848
313,-566.0583244467043
314,-601.3378366886774
315,-614.2523704623638
316,-676.8970428398862
317,-705.7286246859272
318,-606.5219416809229
319,-702.2643614426192
320,-661.6935134065975
321,-761.8235034154984
322,-731.1153049111488
323,-653.6096273249497
324,-644.5066986937809
325,-643.4781099675864
326,-677.0869568379674
327,-850.6480827238664
328,-642.0340416115855
329,-705.4480260844988
330,-795.5591174404664
331,-563.2704052030242
332,-628.6776424170188
333,-665.6603356653659
334,-724.6498200073675
335,-998.1704933708535
336,-652.5963932839869
337,-733.4869607747519
338,-656.4729406560159
339,-688.0775721832449
340,-799.2420042624753
341,-646.3607360508051
342,-766.8690140766682
343,-642.7134378905859
344,-668.4978518326744
345,-688.1160162134981
346,-749.4322306233386
347,-607.8699846862033
348,-670.7394493707677
349,-623.5404330346774
350,-881.0782505930498
351,-627.4196749694217
352,-655.0949613120634
353,-597.4162428994313
354,-573.0611200912703
355,-578.6599188410079
356,-686.8125927618596
357,-602.2695281383893
358,-725.8387954556042
359,-661.452485856399
360,-632.861434519259
361,-583.2427774113473
362,-778.4620876697555
363,-612.807496272137
364,-650.7450128494787
365,-697.3656356386387
366,-721.7379985877042
367,-700.8780763169564
368,-568.4342142919825
369,-688.4844010932628
370,-612.4961590260299
371,-761.7467476139213
372,-701.262631597286
373,-598.5948917436019
374,-705.2761548422112
375,-801.5157016720278
376,-601.7743191911395
377,-892.9508224267992
378,-628.8370467725321
379,-771.2831333037258
380,-693.3736052495174
381,-671.789448952767
382,-588.3616722717368
383,-618.2659987837955
384,-682.5162901990408
385,-620.077473030649
386,-699.2236144951182
387,-768.4503111382426
388,-647.8822225849752
389,-510.7653098371867
390,-676.1327123545194
391,-646.4993912155123
392,-717.94159118339
393,-554.8828187694332
394,-682.5097904440618
395,-685.9905714315232
396,-641.7869649260401
397,-632.1574675353265
398,-648.0355046903173
399,-621.564303223806
400,-654.7940358777486
401,-634.6932960064132
402,-730.5295381378648
403,-694.8374411461103
404,-660.1834284222041
405,-640.7089839651719
406,-660.4784734531538
407,-661.3516214926152
408,-738.2074127052257
409,-657.1182048835407
410,-619.2719492085209
411,-745.117432432465
412,-789.2574998412559
413,-715.7620368819604
414,-670.3489773291958
415,-787.2748398763093
416,-909.8706324087885
417,-675.4504380370561
418,-741.2222402382853
419,-646.4080734242091
420,-675.8863707618275
421,-585.2926655188213
422,-654.3435556937753
423,-639.9811269195028
424,-619.8009139633006
425,-559.6744057983581
426,-701.7134840837127
427,-598.5108685662577
428,-713.3327837789578
429,-795.4885503769116
430,-670.155411825507
431,-691.1414420774801
432,-698.435157011644
433,-652.4218219831431
434,-783.1887293493353
435,-724.3826410326953
436,-791.7246868607058
437,-658.3011182687369
438,-597.2125023451866
439,-842.6565812614286
440,-684.1520332443155
441,-762.5144121246102
442,-659.6270932292558
443,-615.6804171800961
444,-534.2392977186751
445,-655.1869422418549
446,-628.0108623903972
447,-746.0493291829686
448,-694.2858616863731
449,-724.479789945964
450,-715.6995348033258
451,-683.2808566316419
452,-595.3651794268674
453,-783.7891149906351
454,-631.0854885724184
455,-786.4147677523747
456,-670.1322155733201
457,-635.6410053298154
458,-624.6403577523262
459,-776.4675076334347
460,-656.1393405719757
461,-696.2210014530815
462,-704.0240388552737
463,-727.8767031563816
464,-934.508198067959
465,-762.6495044644632
466,-710.3797700366365
467,-542.5716837207741
468,-716.0364810960984
469,-640.0500530414603
470,-681.6522890763326
471,-600.9915573348017
472,-708.0910075883776
473,-810.2575997842004
474,-672.1509069333043
475,-740.8185687351119
476,-666.5158199053816
477,-573.9280905422095
478,-753.3664913808299
479,-728.3936314740358
480,-746.2597997309633
481,-707.2198919105956
482,-793.3089913812403
483,-697.4505865793411
484,-740.4245257960423
485,-676.1837456363079
486,-705.1728967248089
487,-577.0806170460983
488,-554.3951115423674
489,-628.8444430188601
490,-713.8283601267191
491,-732.8586605840948
492,-684.1844597131729
493,-546.9291594145138
494,-682.8264562497377
495,-649.2239384296754
496,-672.6831573332378
497,-638.3098712940638
498,-890.531494568418
499,-758.6531377130891
500,-867.566493833415
501,-672.3844830025242
502,-639.7233488210684
503,-754.471419398632
504,-812.393879942616
505,-633.3493320424109
506,-935.5827433274927
507,-634.9310376299494
508,-626.7944690351493
509,-707.4160122619344
510,-697.2249979253269
511,-640.0356725126386
512,-773.3675224490636
513,-680.9505704766186
514,-685.8773002795433
515,-709.7813284669942
516,-689.4232464401505
517,-644.5855102550903
518,-849.5234878051701
519,-680.1323934521239
520,-630.1823175125206
521,-652.3773630594875
522,-777.8635200065423
523,-644.3133786736616
524,-689.9179556836135
525,-826.2781398272069
526,-709.1826258311148
527,-624.1710593751769
528,-631.1268688551395
529,-687.2950747706891
530,-681.9031167743784
531,-612.7977564935441
532,-756.8553429255729
533,-632.4314766289277
534,-567.4765916536948
535,-662.2514740537365
536,-617.6582372088094
537,-648.0386848329392
538,-649.6752472900852
539,-687.1533176377769
540,-577.2832668526182
541,-747.6921765934007
542,-607.9562696144422
543,-581.9373835452736
544,-701.2285431058637
545,-688.3773903549542
546,-738.8570828381193
547,-644.0435466060044
548,-815.8318729989938
549,-656.7595361073404
550,-860.872637719704
551,-782.5263197190567
552,-757.3373562682102
553,-745.9903916253444
554,-585.852467082739
555,-677.1570207894557
556,-719.3868370462943
557,-645.551488213988
558,-686.4596344724092
559,-653.2950269702062
560,-766.7063987191465
561,-663.7143026719356
562,-691.4918400605587
563,-639.2338395847702
564,-804.2779056826987
565,-574.346384910776
566,-631.5851210253145
567,-681.0038726625235
568,-743.0723778731552
569,-675.7836553679938
570,-609.695813241737
571,-732.8920355876514
572,-704.7892016956596
573,-649.0500098444222
574,-643.2298885433214
575,-514.6821471591625
576,-645.5929226884278
577,-618.0030010106811
578,-746.2053514691178
579,-673.0285783043629
580,-617.5938701426218
581,-569.9630815041952
582,-677.2476277718306
583,-747.4431376484532
584,-651.4503676904785
585,-582.8815579021002
586,-730.7165889869009
587,-670.7558449721579
588,-886.6427700016187
589,-610.4989884594497
590,-774.3218861353462
591,-704.56485733535
592,-737.489959177261
593,-571.2261265606369
594,-742.0664919061372
595,-699.5040450860491
596,-642.6583857530804
597,-518.6931316990575
598,-642.2698579845619
599,-621.3497574539824
600,-576.09290829142
601,-738.7687340196352
602,-676.0630272948515
603,-702.1405682338517
604,-707.7643311413709
605,-688.2738775219298
606,-618.0787579386222
607,-608.8337227268975
608,-709.272667276226
609,-804.6435760729682
610,-670.5543703632752
611,-902.5702436594968
612,-629.2805011787756
613,-622.2907673515335
614,-622.2230607388548
615,-658.7548480436291
616,-707.4186438065733
617,-732.1035488548357
618,-588.9728998629158
619,-835.39249258227
620,-746.1686936557383
621,-740.021962457822
622,-694.3038070402719
623,-620.2042235345151
624,-635.3964443847887
625,-649.2585339036755
626,-758.6614659437406
627,-678.5769695540209
628,-603.3871669035874
629,-744.2237826460537
630,-734.2299946094905
631,-755.6756850213643
632,-567.6072536615388
633,-586.2815022269955
634,-623.51503683933
635,-706.0199009626131
636,-601.3924425107011
637,-597.853113077265
638,-638.8016893021339
639,-706.0203926160457
640,-641.478080507977
641,-727.5742752518274
642,-739.3584406633748
643,-627.93799990621
644,-626.7170220713244
645,-653.4752525325979
646,-646.7301003227306
647,-638.530098973633
648,-605.8659210185273
649,-619.9604252207267
650,-791.4104226888065
651,-707.1762003430805
652,-632.6282596377172
653,-751.5474408550103
654,-678.1557059340583
655,-701.5580981530715
656,-729.0265264067606
657,-619.7728412051318
658,-720.7647705573804
659,-721.2768115150315
660,-781.0247148954031
661,-697.8985285471448
662,-638.0278194083921
663,-810.273942962861
664,-810.295156078271
665,-720.16260709396
666,-672.4498403878356
667,-766.8689308258373
668,-550.8754212063155
669,-726.4616201728728
670,-691.5433128601817
671,-639.6145713856449
672,-636.643166813616
673,-780.0126091595115
674,-660.4846481204204
675,-622.4712745886642
676,-781.102914579252
677,-584.4383697156189
678,-755.8330527901056
679,-649.4482925039988
680,-853.1234610810824
681,-779.399229016611
682,-613.2261177545361
683,-735.2719975892542
684,-729.695452121773
685,-603.1193778492923
686,-647.9817253351146
687,-677.5355216213089
688,-724.0212986679519
689,-814.4375027264103
690,-657.1242199874124
691,-632.2695009132759
692,-622.5841349774885
693,-769.8112761651339
694,-673.8467377636059
695,-662.5612231586666
696,-679.0930896040741
697,-688.7259736728547
698,-724.3920414753763
699,-534.8432443447103
700,-591.2546057984703
701,-617.9116809322346
702,-633.3449040110469
703,-615.2929280013569
704,-728.3252311207189
705,-644.1334080866396
706,-746.0487666485683
707,-675.3520685676147
708,-723.2540424414614
709,-664.7672256791582
710,-647.2401729532389
711,-713.0871465629803
712,-513.4606064977161
713,-665.0527508461964
714,-611.2935829731947
715,-686.8204516746846
716,-628.357809282234
717,-793.1436219603236
718,-835.3376132780883
719,-785.1801326576206
720,-669.5295292714736
721,-623.98669190659
722,-649.466169160919
723,-541.9613131352037
724,-742.8614567522644
725,-817.1180026938438
726,-621.5111007712891
727,-619.9988120432039
728,-653.3191770864815
729,-570.203957535452
730,-616.8114410395879
731,-513.8684249918186
732,-740.5757237491805
733,-700.9035783230021
734,-679.1860809975623
735,-756.4247654778364
736,-584.981503752398
737,-570.2443886755691
738,-925.6426431444363
739,-758.3867073711815
740,-866.4258840940402
741,-612.1131660977065
742,-753.0274814996518
743,-646.3753852396612
744,-681.7371719423528
745,-620.1730602170693
746,-788.2189150613115
747,-607.762809937394
748,-641.9136630698248
749,-660.7789414192314
750,-667.8556479496787
751,-883.6653837366282
752,-643.1812621982222
753,-674.4787818399951
754,-644.3416817583059
755,-708.639692952584
756,-648.2497582556163
757,-650.2032077527476
758,-645.9810843654618
759,-786.6978160308449
760,-739.4878601090086
761,-717.2880630240885
762,-665.7440787651154
763,-583.5316240387622
764,-782.3823410923006
765,-687.4873607091332
766,-610.4149967501368
767,-595.4691508803556
768,-647.791381028016
769,-589.84821265936
770,-695.7144258041395
771,-707.4015121082379
772,-629.7074838580363
773,-823.0333439483295
774,-810.7035449831432
775,-674.1147247616383
776,-734.1972767084937
777,-703.5602415293441
778,-694.9051639084396
779,-798.9191137964968
780,-751.502767918934
781,-588.03710004588
782,-688.357207742294
783,-695.3729282532888
784,-668.889901468055
785,-657.894688097237
786,-630.2919673576679
787,-742.3164353798761
788,-667.3660858171479
789,-722.4159646671532
790,-751.3424630588185
791,-857.0899742738624
792,-620.7256328051992
793,-701.8288313936267
794,-604.1575908976337
795,-686.1035704439821
796,-772.8634645031611
797,-771.4676514691399
798,-575.3532677975213
799,-686.5046020267544
800,-745.9325145816066
801,-852.4447624722708
802,-674.0461338450921
803,-681.7918726522327
804,-731.9835044200059
805,-610.1517413570247
806,-667.5259708357041
807,-630.4437989043138
808,-731.0311743190076
809,-655.6191828034816
810,-650.0164248876703
811,-742.4867041907377
812,-610.344925375059
813,-693.0590568471735
814,-715.7030791989765
815,-829.7171444327554
816,-854.477704864342
817,-730.8343035993119
818,-592.2357037293436
819,-599.3400014783516
820,-679.0779071710258
821,-574.6131030058768
822,-614.0498341710504
823,-510.34413109619135
824,-659.1099407685379
825,-698.5194317997662
826,-607.0260313075922
827,-573.3921158672579
828,-809.0003192152998
829,-689.9437437137999
830,-568.1382004379005
831,-626.2908232970339
832,-703.0249701442217
833,-613.2629526184149
834,-1000.2869709832463
835,-760.4458611697798
836,-853.2015005215057
837,-568.8646458319771
838,-582.2790956317233
839,-640.6229223792885
840,-732.0832986289294
841,-590.5344602869544
842,-816.4359172708904
843,-844.4562021138044
844,-643.1168614674101
845,-584.4056027067268
846,-856.9868190770852
847,-664.9093963277537
848,-604.9272646589638
849,-562.2400675876988
850,-657.8250141775094
851,-900.5421211410858
852,-664.0379037061465
853,-715.3499159862021
854,-644.5569947008062
855,-760.0405171072154
856,-645.1606975546797
857,-708.069056338291
858,-714.9790899748018
859,-592.8536491316127
860,-645.4806229653909
861,-777.5102210098842
862,-681.0918014964462
863,-625.4961731947858
864,-699.7165544451287
865,-668.4852696969599
866,-731.9671486579599
867,-719.7704615177571
868,-621.9721262448168
869,-640.0616348476354
870,-673.8175167980735
871,-697.9647508838336
872,-695.3535709705208
873,-785.230332043661
874,-625.7840674901768
875,-581.2677177337714
876,-674.2140523150055
877,-631.1917836276484
878,-735.3216978407644
879,-777.9317252802091
880,-659.9503119021058
881,-594.9673347411536
882,-704.2014029344173
883,-728.8495371347104
884,-757.5673797462019
885,-765.3910425258105
886,-666.4268220860542
887,-816.2664501806692
888,-689.7613877292465
889,-654.373323937955
890,-526.9176125280555
891,-703.8510664739429
892,-687.2717462473768
893,-621.2425149737691
894,-682.3823125358539
895,-671.1941637382802
896,-714.2330252201305
897,-684.5618783770352
898,-697.2092416265543
899,-605.5004818017715
900,-653.3092095708587
901,-706.2679854128995
902,-725.0481369217249
903,-799.5433089471472
904,-688.9895754276704
905,-516.1443720613579
906,-817.4140088023921
907,-800.0311646441327
908,-716.698585273031
909,-884.5004737493248
910,-826.0568363137976
911,-693.3746955485715
912,-629.9547725106057
913,-712.217298650456
914,-697.8283058268927
915,-664.9525568786163
916,-662.2851907484674
917,-781.689890329213
918,-566.821027022927
919,-637.9535788307952
920,-709.6621161928753
921,-550.1309414789466
922,-661.3730333120374
923,-538.5499377447368
924,-649.8809479711206
925,-525.7258082100567
926,-670.1215776352948
927,-653.690569232415
928,-678.6154929111698
929,-606.937261592256
930,-730.757769725157
931,-598.9539192194869
932,-586.0266731775295
933,-630.8861708540794
934,-567.5698432546674
935,-706.3753788981586
936,-597.4299484494817
937,-639.3935096708431
938,-742.7543795189364
939,-595.252595064579
940,-715.2274178845339
941,-729.2007451598596
942,-622.6172603434078
943,-575.8339478241243
944,-640.2713979245799
945,-582.4047294437
946,-511.7574134562294
947,-731.2164471984108
948,-599.5869444171867
949,-725.9593443454706
950,-621.6373830065322
951,-557.3116608752807
952,-615.1445202363011
953,-603.6089164989592
954,-822.7942497283893
955,-719.6859770327253
956,-707.6917437330044
957,-678.6155913920749
958,-716.4369002694966
959,-645.0583081286188
960,-832.9566289633251
961,-731.3274373018678
962,-610.9025050338334
963,-678.5863736397766
964,-735.8072861520343
965,-889.3178545857347
966,-717.5115254503368
967,-652.463509900373
968,-664.7598649079436
969,-754.3786330828095
970,-914.0559715302923
971,-648.3386626585983
972,-666.0817655373041
973,-709.0651663928159
974,-715.1036151377147
975,-630.7335177184616
976,-567.8538856239378
977,-584.3299991647195
978,-814.2671097214967
979,-679.6684979382102
980,-651.4526224622678
981,-683.5457875532454
982,-629.5060451318988
983,-671.388580271833
984,-654.0301817230165
985,-662.5459638542197
986,-565.094476154668
987,-652.4164739400824
988,-674.9171860491258
989,-689.8345286163955
990,-725.550768986347
991,-622.3291459262183
992,-723.7993927176854
993,-570.5588184637397
994,-707.6426723700182
995,-886.7202950489899
996,-729.4668934528515
997,-609.1891156730741
998,-703.1508390305156
999,-738.8924389776718
1000,-701.7286720565695
1001,-736.7525114333791
1002,-700.829969463359
1003,-684.5183021225745
1004,-594.8228668180366
1005,-613.2700616004709
1006,-667.8423076193492
1007,-733.1494215797406
1008,-834.4771210377587
1009,-788.3684776829313
1010,-491.99032193414195
1011,-661.483453490085
1012,-695.8804396453695
1013,-754.6602990512342
1014,-645.0249841024798
1015,-590.8688671538567
1016,-827.2245542508257
1017,-624.652079729774
1018,-754.3669321001903
1019,-724.0075046453204
1020,-760.6949063532952
1021,-751.8242962907656
1022,-856.8928904126057
1023,-687.3344031650034
1024,-895.9710929708875
1025,-689.4922728410656
1026,-637.503622607495
1027,-739.3815623245847
1028,-658.787105057041
1029,-592.7635364114333
1030,-774.1956369501283
1031,-603.4979597118079
1032,-609.0056010159931
1033,-749.4381053639426
1034,-700.7198972957759
1035,-628.8116274896248
1036,-645.4280259730683
1037,-749.5816119438957
1038,-795.529379301155
1039,-824.0866166980193
1040,-733.8663456583072
1041,-735.6934322628671
1042,-820.1586550302865
1043,-919.7715280758048
1044,-663.9259861228232
1045,-547.7428080920884
1046,-731.7952956791956
1047,-784.4474916448455
1048,-559.9790200637099
1049,-676.2909011220162
1050,-608.853242809229
1051,-742.1650527072799
1052,-611.8911204596168
1053,-670.7910515488185
1054,-719.2885065466102
1055,-699.6525847874543
1056,-617.545324822645
1057,-606.5631937089735
1058,-706.1454500925572
1059,-664.9328574601467
1060,-690.9064250868686
1061,-759.4209063663819
1062,-626.8443634331168
1063,-704.0183466687433
1064,-832.7015821507614
1065,-713.0235142621884
1066,-675.3474244647199
1067,-614.1859883339188
1068,-646.1246651997564
1069,-789.2696372524347
1070,-730.7465459633216
1071,-716.642262821667
1072,-626.7197402338315
1073,-792.5069527264526
1074,-657.4085332312643
1075,-621.0347555364264
1076,-715.8544112900867
1077,-731.2824568748232
1078,-643.2000104784987
1079,-711.898315250377
1080,-597.3891648772642
1081,-647.0022307527753
1082,-755.1137275209004
1083,-734.8706286716805
1084,-644.5228750009957
1085,-600.0929931549119
1086,-630.0488014465144
1087,-720.2340083949111
1088,-608.3752951027808
1089,-595.5927549354766
1090,-666.9366528947302
1091,-617.8640143363547
1092,-844.3029435082694
1093,-773.2269550296074
1094,-544.4025744128439
1095,-782.4548096731556
1096,-614.1063116859876
1097,-603.019602775652
1098,-630.9193544559199
1099,-644.1774481050562
1100,-508.41753235799854
1101,-912.0503510193702
1102,-673.5357034276528
1103,-803.8176073284578
1104,-650.6175312450157
1105,-669.3439491822974
1106,-524.0071666183867
1107,-733.6911572163033
1108,-696.3244385354982
1109,-647.2828683579141
1110,-870.8816504515871
1111,-686.0442774586693
1112,-871.576388106172
1113,-608.2030897037769
1114,-676.9953337193505
1115,-593.4705338280733
1116,-853.6149856697998
1117,-758.0382792442316
1118,-868.6175203543589
1119,-630.5107637500761
1120,-571.367905391319
1121,-546.87131183864
1122,-903.5421232287164
1123,-673.8485686010498
1124,-650.1098166569473
1125,-579.2706177821966
1126,-589.0475525995762
1127,-542.8215104931102
1128,-767.4488701499689
1129,-675.5571768571687
1130,-661.6295355849627
1131,-714.4019136781251
1132,-783.7106130325155
1133,-602.7703112676356
1134,-669.304860774918
1135,-622.5851573065867
1136,-782.4510007635951
1137,-611.061305154673
1138,-674.0513477401784
1139,-601.5567271760531
1140,-639.2957210958456
1141,-648.3591137463007
1142,-762.1039228604066
1143,-749.9227997925562
1144,-672.8200538166134
1145,-694.2262995795995
1146,-607.2834578090863
1147,-662.8114935900285
1148,-708.0899700910264
1149,-514.2125400987643
1150,-639.9839357349971
1151,-850.7505248093645
1152,-650.9321124023894
1153,-588.4459840507619
1154,-819.9629452210037
1155,-576.3879175842177
1156,-734.8546773244478
1157,-588.1358460955827
1158,-649.4453462200391
1159,-627.7900753528298
1160,-881.0140155825156
1161,-654.7933070799855
1162,-680.966736387577
1163,-808.8242003095002
1164,-774.7008136535616
1165,-775.8494641918218
1166,-602.4245985727891
1167,-870.6912292058068
1168,-559.0133227790193
1169,-767.958003924226
1170,-622.1658539958054
1171,-608.2782749981176
1172,-699.4288323972336
1173,-627.6461401992386
1174,-699.9830992129368
1175,-666.482813317707
1176,-658.4887172577343
1177,-700.6563372467966
1178,-738.2808478365306
1179,-750.0626610456382
1180,-726.2467627631431
1181,-668.9950407005417
1182,-671.0160116272352
1183,-749.0643328825703
1184,-612.2052633922025
1185,-615.2949608710323
1186,-815.307113027833
1187,-694.713227841694
1188,-671.6840804660486
1189,-742.7915514466163
1190,-822.4272153248697
1191,-593.325739632706
1192,-679.7771384165403
1193,-663.7526700746733
1194,-704.2820390626568
1195,-788.4853956087109
1196,-677.934253139664
1197,-670.9287815988131
1198,-744.636436094812
1199,-655.1055824706069
1200,-690.6461540944093
1201,-536.209781466609
1202,-611.5324460716729
1203,-746.8666723309278
1204,-789.3173609241405
1205,-654.3028196935428
1206,-577.6253132505478
1207,-755.2689044891606
1208,-645.8372482233705
1209,-856.0722892444535
1210,-520.6908486278852
1211,-617.2233521821621
1212,-640.8236638522176
1213,-587.152326506224
1214,-729.5910235742042
1215,-640.796005972866
1216,-650.9398209357571
1217,-760.5902933744569
1218,-856.2127610816354
1219,-639.7519896234503
1220,-770.2835180945241
1221,-816.8772428032751
1222,-655.3843038191395
1223,-650.8083729855986
1224,-705.2585657258315
1225,-502.5406945045097
1226,-772.9327060311938
1227,-531.1184831122906
1228,-864.9584607611645
1229,-647.7007613162999
1230,-733.9606657054411
1231,-776.684486595314
1232,-546.2085839086996
1233,-689.7574629054237
1234,-603.9002783458268
1235,-696.099922254635
1236,-637.709561063253
1237,-761.444820018073
1238,-669.2799848162392
1239,-615.0819706191364
1240,-703.139510347743
1241,-644.8463115183575
1242,-743.4294056541792
1243,-811.2058557640546
1244,-610.0943712270401
1245,-602.5918827494452
1246,-698.6540078671349
1247,-648.1906659797075
1248,-610.4916204118176
1249,-656.1035662469346
1250,-683.1734791149744
1251,-793.3809418274905
1252,-668.1637047165997
1253,-632.0198359799972
1254,-580.9324022513945
1255,-667.3984763252496
1256,-766.1459359772141
1257,-772.2122029224496
1258,-673.0424098222073
1259,-755.3850516700916
1260,-685.2367538009079
1261,-819.020363233026
1262,-649.752364209674
1263,-701.1832180647132
1264,-708.5582847664831
1265,-875.8873203630438
1266,-652.543826385796
1267,-680.5409392695191
1268,-612.0214750534766
1269,-714.4150087490987
1270,-590.1663788323231
1271,-723.4538004800164
1272,-694.5405959274813
1273,-718.0528303997439
1274,-668.0542767130624
1275,-631.0885322659572
1276,-616.3182309219769
1277,-824.8931352439315
1278,-551.7319111756539
1279,-821.1131404137494
1280,-763.9268911428137
1281,-757.7977058168284
1282,-746.3678026764085
1283,-823.1816922166086
1284,-511.61130255096447
1285,-677.1911880914377
1286,-686.654466061564
1287,-570.9423515829682
1288,-649.1400077617951
1289,-696.5909078711404
1290,-654.3696380713671
1291,-748.5220771753594
1292,-640.3482269387914
1293,-572.700336754272
1294,-715.4076341439635
1295,-754.8766012582757
1296,-675.9945779106893
1297,-673.831647405817
1298,-729.6504554784507
1299,-640.4100573487339
1300,-589.6122272645678
1301,-843.1123554587257
1302,-683.476190878353
1303,-711.3763451699779
1304,-731.1344928444296
1305,-738.5783480559286
1306,-684.3893778598516
1307,-929.4564734200333
1308,-704.1058603537629
1309,-715.5833818458719
1310,-729.985387475952
1311,-694.1021351038221
1312,-674.8863183490912
1313,-661.7524989649008
1314,-831.3736655430339
1315,-592.8062779144541
1316,-635.3330036514467
1317,-479.68305589074436
1318,-644.1748379995937
1319,-704.2623146761148
1320,-709.235694896021
1321,-629.5117367133096
1322,-703.4913168466674
1323,-687.3974968192355
1324,-684.5495449609241
1325,-619.6660409055007
1326,-671.9589367965742
1327,-643.7548197867767
1328,-767.3344199503722
1329,-678.8109867349996
1330,-485.854700920409
1331,-694.4743770304689
1332,-673.5032965065134
1333,-684.7079827194601
1334,-634.7257089485412
1335,-605.5309430923511
1336,-608.6706736675809
1337,-731.0626047784413
1338,-685.3735979206331
1339,-641.6362084811065
1340,-815.8129469684886
1341,-589.9013434246721
1342,-647.3918120714795
1343,-696.796225949518
1344,-583.456426771757
1345,-777.002371084402
1346,-669.575668583434
1347,-698.4967734603009
1348,-662.660875295108
1349,-668.1780352288373
1350,-624.7234679857995
1351,-765.6265878796638
1352,-620.8608313444394
1353,-545.6599700908456
1354,-681.4964051115495
1355,-637.9806099010073
1356,-668.7628751555683
1357,-686.965815684488
1358,-616.9549780457276
1359,-938.8471192633579
1360,-782.0396000418667
1361,-857.4339791033134
1362,-556.8838392201467
1363,-681.8744695471822
1364,-583.2742052021858
1365,-611.8643495693802
1366,-654.7469423743561
1367,-640.1987782222087
1368,-590.4027808416081
1369,-558.7122697822028
1370,-676.8689935320415
1371,-657.0865276217364
1372,-907.6849002607145
1373,-760.29621709461
1374,-616.0173956630232
1375,-656.0182359057826
1376,-629.4188411615107
1377,-583.8885424547497
1378,-719.3961913062974
1379,-614.5795534279403
1380,-590.4874958988164
1381,-797.941428992884
1382,-647.4361690523465
1383,-708.4186243411601
1384,-695.8594640089655
1385,-591.5106158539946
1386,-680.3705593132462
1387,-681.2531209017733
1388,-553.6146349364516
1389,-625.0650350176245
1390,-753.6769600253282
1391,-693.8664330781306
1392,-674.0554254161945
1393,-722.3200724986634
1394,-666.8304441602195
1395,-604.9553748537726
1396,-586.4162328462502
1397,-629.4212890503366
1398,-598.2728291324819
1399,-675.3062939555396
1400,-542.9705136745454
1401,-630.179726406014
1402,-724.1581528498062
1403,-842.2857445588148
1404,-756.0436237477443
1405,-616.0444075057238
1406,-686.6623061283045
1407,-677.0032108929429
1408,-622.2175980577487
1409,-746.5120081481332
1410,-814.7781690736168
1411,-682.6128975625884
1412,-667.652758319415
1413,-681.3377805327881
1414,-726.1756421194526
1415,-574.4476436235685
1416,-797.1821671242411
1417,-608.6085105812476
1418,-619.6831799551838
1419,-734.3857176700567
1420,-694.4180128087135
1421,-703.1347151649325
1422,-819.0655925515142
1423,-737.9306006568893
1424,-609.4048805656905
1425,-545.6649450016662
1426,-532.0631522897168
1427,-686.722468029324
1428,-668.6670011299643
1429,-655.2624688082108
1430,-656.9295971558661
1431,-573.2304365011834
1432,-680.3557346780113
1433,-631.0936605460676
1434,-577.2023330974233
1435,-707.2564707532681
1436,-549.4036371592466
1437,-690.3093455531776
1438,-718.6277686634029
1439,-687.9760651274286
1440,-805.820607012674
1441,-657.5383373308977
1442,-642.0741453994445
1443,-679.4289691873107
1444,-844.9398600571502
1445,-736.2195510614522
1446,-613.4118934528639
1447,-681.1903695749407
1448,-647.7846736677866
1449,-881.9538874758437
1450,-705.0860691796651
1451,-780.7090655692006
1452,-607.1660664658245
1453,-594.6086447357583
1454,-590.6443151274261
1455,-706.2263944190864
1456,-557.2717808986733
1457,-661.6351913130655
1458,-658.9641308685707
1459,-563.7212425745034
1460,-657.2679266069518
1461,-708.9504954483598
1462,-633.4743624642186
1463,-691.7173612159935
1464,-611.6604938726376
1465,-745.05705722003
1466,-566.7160759474762
1467,-647.5024968511166
1468,-645.7810355447286
1469,-651.1305220471432
1470,-655.725511428719
1471,-722.5135359874511
1472,-582.3880056703673
1473,-608.6645038085693
1474,-569.9182859506287
1475,-779.6607477037641
1476,-738.0801654334252
1477,-612.2048405550747
1478,-716.1977775336981
1479,-610.675698252813
1480,-709.3075368510158
1481,-639.945350993071
1482,-600.0959958636911
1483,-704.1341535054371
1484,-614.7557849837275
1485,-715.7923952499447
1486,-563.359818937096
1487,-863.8949836807932
1488,-704.6638731821165
1489,-666.054713097669
1490,-651.4775581497078
1491,-643.4468822578741
1492,-674.7117071570224
1493,-553.3225825048831
1494,-630.14015186184
1495,-664.3165687928653
1496,-598.7986312652952
1497,-696.0089056097147
1498,-746.2947266478404
1499,-519.7196676801532
1500,-492.52224531829233
1501,-671.958099878598
1502,-564.6334069176489
1503,-722.038835339058
1504,-702.4128108607902
1505,-657.3843631135318
1506,-469.82219026594754
1507,-638.0341112143241
1508,-498.9262921399668
1509,-749.5149435064552
1510,-569.4271653552616
1511,-894.5126576690286
1512,-638.8279625126387
1513,-696.5577850596802
1514,-717.2601160187196
1515,-600.6532861273131
1516,-841.5567098166595
1517,-635.7025873960238
1518,-661.7329455476419
1519,-654.3316590043117
1520,-667.1934172117737
1521,-745.2387137008707
1522,-725.5638422347379
1523,-514.6933985328299
1524,-622.6366530126372
1525,-569.9756934918233
1526,-713.0127707230909
1527,-612.4839959581996
1528,-657.0250911837145
1529,-782.3741598429186
1530,-684.8748235557339
1531,-669.0855019580472
1532,-878.0423604457715
1533,-667.6018151835988
1534,-592.5139961654494
1535,-548.9614579951913
1536,-770.6084505453233
1537,-569.3352900996501
1538,-652.8106342565954
1539,-673.4759072922302
1540,-694.1758935325425
1541,-646.9754445758093
1542,-781.1744842379891
1543,-668.4223154038094
1544,-671.4625509732123
1545,-686.5805043762485
1546,-548.0629864818517
1547,-649.8050222358402
1548,-754.2946940507037
1549,-820.6340094785733
1550,-643.2559932440759
1551,-710.4995516185365
1552,-646.7462963328196
1553,-746.5484250788645
1554,-610.8161274264343
1555,-792.5502739222532
1556,-737.0434579514621
1557,-780.1567999892204
1558,-660.0802228898075
1559,-638.5962074002541
1560,-810.7708847132683
1561,-657.826353158666
1562,-770.5657723917608
1563,-623.5163256275124
1564,-712.5975100696198
1565,-815.1966263588761
1566,-762.4860367883352
1567,-680.8968413442182
1568,-760.7905345663709
1569,-616.4241976928874
1570,-715.316970191675
1571,-906.1317301777373
1572,-685.533389982043
1573,-755.2368434302832
1574,-761.4469734705161
1575,-678.6168713958257
1576,-684.1619321439146
1577,-676.0957762607864
1578,-794.911661801965
1579,-757.7386840748198
1580,-724.5274738185747
1581,-755.9008908055928
1582,-680.0866702874794
1583,-695.0659949809959
1584,-628.9655357095612
1585,-632.0339506301214
1586,-777.9932244523984
1587,-592.5429835466311
1588,-585.0392171447136
1589,-616.0872285555012
1590,-685.1763207155393
1591,-645.2538462055098
1592,-749.8023165976088
1593,-694.3148317390736
1594,-640.6111291748472
1595,-592.6129678784413
1596,-638.1924098607701
1597,-679.5894636867902
1598,-770.8604929477526
1599,-652.450286818073
1600,-760.3198654997394
1601,-594.6303848904854
1602,-654.4502486666689
1603,-744.0450546572647
1604,-665.0104397298815
1605,-594.0812457483564
1606,-730.2136287730852
1607,-705.2534768723754
1608,-767.4754803540723
1609,-929.9756273355093
1610,-544.7663118533284
1611,-726.9155009557766
1612,-758.0243262956965
1613,-791.8449307002959
1614,-759.7003556607613
1615,-705.3628362164555
1616,-694.6733141725925
1617,-564.0890942300879
1618,-673.261483225132
1619,-703.2705124881082
1620,-800.2603396151654
1621,-511.21009928221616
1622,-767.1946578467622
1623,-771.0217066200181
1624,-494.40735640256605
1625,-699.3906819136554
1626,-652.496165755758
1627,-859.3453660730896
1628,-631.8022297656395
1629,-727.3438801433193
1630,-749.896631693747
1631,-703.0916500046023
1632,-627.4685804043469
1633,-626.5240363231699
1634,-441.2243259592911
1635,-604.1330594393618
1636,-692.7797277808373
1637,-602.2347579606555
1638,-538.1033803718343
1639,-630.3453228842201
1640,-597.1504600438974
1641,-734.0402671941583
1642,-702.5250250006054
1643,-525.4622106967939
1644,-669.4996254237913
1645,-917.475748801257
1646,-713.540469778561
1647,-638.2958846579576
1648,-571.6683075727254
1649,-855.73988655001
1650,-653.8335190710048
1651,-734.1588321980759
1652,-671.1595158471843
1653,-731.8479732184572
1654,-602.8936852599932
1655,-688.4084886775656
1656,-594.8109017613809
1657,-692.73444015332
1658,-648.3043096791041
1659,-736.0987030242146
1660,-750.3458034270099
1661,-709.7655077080497
1662,-847.669044300902
1663,-723.7688434904436
1664,-537.7056408453399
1665,-642.3293068334688
1666,-779.4642884584523
1667,-737.6982511343072
1668,-537.8748520875924
1669,-729.9414619295128
1670,-630.3207727320802
1671,-849.6600137935574
1672,-665.9039168062603
1673,-670.7492983391384
1674,-602.0860453627723
1675,-668.7811802557587
1676,-685.4999031254974
1677,-687.6426066014092
1678,-583.7044225753867
1679,-796.5270985594072
1680,-640.5334057920726
1681,-826.3297711178252
1682,-535.3126092635931
1683,-528.1983248576898
1684,-722.4269422060165
1685,-694.1508358933569
1686,-661.797279347594
1687,-718.4435463454162
1688,-622.1992576841144
1689,-985.5738024685728
1690,-679.9494421428313
1691,-807.6146329727808
1692,-586.7370248526931
1693,-657.0439471840876
1694,-710.9575788140952
1695,-641.3674077054877
1696,-667.8559696705933
1697,-694.7607763016896
1698,-739.2887533649981
1699,-633.4247709638145
1700,-737.4894631403872
1701,-623.1480709148138
1702,-596.7881870988289
1703,-625.9319735827306
1704,-727.519781581479
1705,-614.2492656663802
1706,-680.682234123698
1707,-650.2192665403119
1708,-576.2171340682622
1709,-720.218462046207
1710,-724.3330852343587
1711,-832.9213447541591
1712,-769.2408006767454
1713,-687.4000009005273
1714,-720.3289555250625
1715,-680.3097596801161
1716,-620.6056971479408
1717,-645.7884089026791
1718,-736.9978896743609
1719,-818.7039289651661
1720,-651.0987132199533
1721,-738.7134391369692
1722,-546.0927687727792
1723,-675.5407518567661
1724,-707.4969382542766
1725,-796.6797564112978
1726,-772.9904038294637
1727,-649.0743972619885
1728,-598.6747000977459
1729,-680.8954603862604
1730,-647.8794498892576
1731,-599.4898057459067
1732,-824.5195302709067
1733,-634.4298239205791
1734,-639.2833236455257
1735,-675.9671299924328
1736,-743.0281891345338
1737,-678.261352572173
1738,-715.185934762917
1739,-513.2237897643818
1740,-672.1898722660122
1741,-612.7154539397284
1742,-678.681479848082
1743,-823.5627770692467
1744,-725.0600932064762
1745,-646.3281629306335
1746,-646.8946200397772
1747,-871.2793311920876
1748,-655.7319685161647
1749,-679.2133071326515
1750,-631.7307778578004
1751,-650.9929239144433
1752,-802.1653014009393
1753,-768.5217681029811
1754,-848.4015103670965
1755,-663.2649555805232
1756,-639.6204583372592
1757,-772.5330172237424
1758,-561.1822134683762
1759,-641.9659531130466
1760,-631.3275533449702
1761,-793.2755765203246
1762,-644.287250648017
1763,-645.6278110314423
1764,-670.8166575662802
1765,-675.3138409935801
1766,-656.2641537277735
1767,-667.2275099956452
1768,-779.177600605632
1769,-717.922515953303
1770,-619.2224897177412
1771,-645.084492815695
1772,-589.7482601640958
1773,-594.3273539069131
1774,-690.261325845346
1775,-721.8698499901457
1776,-618.3749251005801
1777,-724.7491879616214
1778,-626.6511257171923
1779,-972.6602708178509
1780,-861.2333429468027
1781,-690.7733148819493
1782,-647.7191527047036
1783,-785.6374291585538
1784,-757.6915092827704
1785,-826.1890309335541
1786,-754.8637124598498
1787,-639.4729560501801
1788,-824.0001507147127
1789,-706.2362913525926
1790,-736.8196812062579
1791,-897.0743927696022
1792,-665.3100020263213
1793,-680.763019655896
1794,-623.4197896875445
1795,-466.5207341477015
1796,-736.1932835990119
1797,-567.4531248400951
1798,-622.4152823992638
1799,-548.4995970050113
1800,-630.7423822865229
1801,-679.2130439359348
1802,-787.7970097786546
1803,-554.1258143721319
1804,-599.4163445222057
1805,-742.4948117084487
1806,-630.518230948853
1807,-891.6730163805996
1808,-744.5875567120661
1809,-659.6771730755947
1810,-722.0750640325114
1811,-665.1830081248988
1812,-755.1799718019747
1813,-701.8082124816194
1814,-654.5389713695974
1815,-756.1744703585616
1816,-821.3321179937376
1817,-669.1307009988188
1818,-690.9978209288522
1819,-545.3532229498751
1820,-770.4636364286423
1821,-676.4337515581026
1822,-799.9661831071194
1823,-583.7769701522191
1824,-633.7765936899316
1825,-734.763531671384
1826,-601.0623725637096
1827,-596.6970300707899
1828,-688.9931403786425
1829,-672.7237554010904
1830,-658.3319268143441
1831,-694.9772562898941
1832,-797.6861307898462
1833,-718.0767513315716
1834,-736.290201005922
1835,-651.9972060933608
1836,-550.8402861771848
1837,-681.2265754056236
1838,-674.9272874793749
1839,-787.95822393531
1840,-578.8359918766266
1841,-729.2954168621909
1842,-670.4754208425296
1843,-695.9603407126707
1844,-782.5115417653658
1845,-525.4357671549269
1846,-662.9128512755894
1847,-675.4662318789268
1848,-737.2220104293489
1849,-699.3264666036158
1850,-764.8964339156107
1851,-682.5861399701467
1852,-626.4669593406985
1853,-583.5203030051906
1854,-718.9358085235949
1855,-665.0048476746645
1856,-650.5506491621447
1857,-561.2428391983566
1858,-653.8788867521284
1859,-657.0183112618693
1860,-712.7038138424472
1861,-671.9069535491675
1862,-762.539390868734
1863,-820.93623850319
1864,-617.6870382168961
1865,-623.6791783602254
1866,-887.002923292311
1867,-619.003218191541
1868,-554.3025506798779
1869,-645.1117901937614
1870,-641.1098257252187
1871,-601.5841874370795
1872,-599.8823010354913
1873,-711.3787760500949
1874,-693.8550886780351
1875,-575.5917632424304
1876,-704.8655933148224
1877,-690.6350062389699
1878,-850.1317913469525
1879,-804.2921172876274
1880,-743.6867063520657
1881,-615.8590445269451
1882,-641.3715021905964
1883,-516.8334671240846
1884,-819.1266585235877
1885,-973.8461190088148
1886,-846.771259537859
1887,-604.5153308192206
1888,-716.440833505725
1889,-751.4168554204956
1890,-674.8084135051795
1891,-681.296500537772
1892,-705.3391545677164
1893,-683.7161574474267
1894,-713.2622785399693
1895,-597.9750213944008
1896,-752.6549325553744
1897,-681.899167094074
1898,-595.215921103694
1899,-591.3356832358982
1900,-617.5191187044328
1901,-774.0843132671813
1902,-716.0883641935807
1903,-614.7695694467772
1904,-675.1056146444362
1905,-754.3256567883433
1906,-630.0712153901959
1907,-624.15103468972
1908,-797.3398381424909
1909,-594.275452953394
1910,-764.063080093251
1911,-637.1404481465651
1912,-679.776961586995
1913,-582.9451494565888
1914,-508.6453292603895
1915,-644.0648995096315
1916,-722.8438191578257
1917,-654.6946982897231
1918,-648.3831927930648
1919,-802.555433877854
1920,-663.9255367892957
1921,-762.7274448830452
1922,-708.2183495034957
1923,-678.3891516998988
1924,-527.5112304847935
1925,-747.3589854337841
1926,-732.7255678448018
1927,-691.4244349060082
1928,-704.9736495422669
1929,-681.3938586320144
1930,-720.9989341244143
1931,-771.0257344214374
1932,-750.0075217923595
1933,-624.1818383610082
1934,-677.6003593170228
1935,-641.02227929546
1936,-716.7349322297446
1937,-678.9499284753804
1938,-600.5981123169739
1939,-722.3957467703384
1940,-617.983574469161
1941,-659.5400785703126
1942,-681.7987167587543
1943,-873.6661433443777
1944,-676.7414898131444
1945,-727.7213050951412
1946,-659.2726194437181
1947,-688.3553064928683
1948,-679.067112994016
1949,-707.520189162684
1950,-500.24649744619524
1951,-692.9759172169299
1952,-660.8415049900956
1953,-665.7291768492979
1954,-718.4272627826138
1955,-703.8310397860741
1956,-649.0817632601047
1957,-868.7997472107094
1958,-881.4128962780944
1959,-743.0667906861418
1960,-616.5236113386057
1961,-721.1889578654733
1962,-775.7909585882669
1963,-737.747753788801
1964,-531.7935840885557
1965,-783.2152884891167
1966,-588.5629866209044
1967,-617.971864318723
1968,-590.3215680910074
1969,-779.9286997615086
1970,-921.8890860246444
1971,-573.0728228335153
1972,-786.5788469629517
1973,-762.7064907906619
1974,-769.1591148879183
1975,-618.780436173942
1976,-775.6540254893473
1977,-565.9526295828308
1978,-706.7379555804267
1979,-570.9078002253927
1980,-611.5399265361779
1981,-617.3088396441958
1982,-835.6482368222811
1983,-623.4621329354827
1984,-638.8196290616796
1985,-607.5968884882727
1986,-582.5955096011572
1987,-593.1349021777341
1988,-619.3568896060335
1989,-775.4387219557784
1990,-600.7046566363737
1991,-804.208000768166
1992,-761.1866232437936
1993,-758.8628910168753
1994,-679.053526372961
1995,-629.9719627222407
1996,-779.3010395892853
1997,-665.7751628996459
1998,-667.8200197167944
1999,-569.279753693545
2000,-624.6720618379736
2001,-667.03883743269
2002,-829.5701064618851
2003,-882.4313153222057
2004,-667.0028340471513
2005,-809.6117062404649
2006,-641.7027365975716
2007,-600.2676765745241
2008,-526.4195303417509
2009,-750.2811356916943
2010,-659.6252189787087
2011,-599.7247267461042
2012,-577.4094600058221
2013,-708.4448649450907
2014,-658.3330383890328
2015,-688.3760910394751
2016,-767.0231775249928
2017,-665.988994246645
2018,-705.4710098108496
2019,-619.7832401012859
2020,-753.9924281051377
2021,-718.8175467410848
2022,-669.563937343535
2023,-624.630840183564
2024,-832.3890987457185
2025,-874.3033045521813
2026,-683.7757539121158
2027,-644.9652979214516
2028,-710.0967534627927
2029,-669.9368576130893
2030,-781.2374986612274
2031,-890.0062059920497
2032,-715.9640471707665
2033,-810.3396430334442
2034,-758.9416885262935
2035,-657.2457834850395
2036,-622.4472389930651
2037,-624.1738729423413
2038,-627.9560538191921
2039,-712.7790403167505
2040,-676.0149773606739
2041,-782.1676544743168
2042,-676.9765845465898
2043,-633.3928736985724
2044,-640.6313483393429
2045,-619.981524480048
2046,-649.4735139855227
2047,-741.6677612912181
2048,-748.2963242170125
2049,-582.8296611283424
2050,-500.8509694254259
2051,-647.4105016025071
2052,-908.1087015282412
2053,-733.9814906199015
2054,-770.7059929876324
2055,-702.6183575869507
2056,-694.0701611241208
2057,-759.2278008664126
2058,-707.1620856816103
2059,-729.2055129801522
2060,-753.1941209303955
2061,-585.0370407327164
2062,-809.8887709209727
2063,-685.0762949011439
2064,-744.4625589480313
2065,-675.4219077147361
2066,-620.8303367579913
2067,-654.9740379700934
2068,-807.0327880158908
2069,-726.6489013071191
2070,-610.1467722216602
2071,-592.9548738369563
2072,-784.7011199297884
2073,-895.725654874263
2074,-751.5558894939331
2075,-633.2397398753243
2076,-870.070092095814
2077,-595.3423492142049
2078,-650.1601736942368
2079,-745.8155157970348
2080,-608.7465024072968
2081,-629.6029527663195
2082,-664.5575367415229
2083,-674.1525263344137
2084,-611.2689529997048
2085,-590.0359054341877
2086,-772.7075168578203
2087,-644.3185381486173
2088,-515.0061946145224
2089,-643.2350555046199
2090,-781.9837462655855
2091,-758.5980790830513
2092,-859.2678849320087
2093,-929.0993670283399
2094,-692.3102690357532
2095,-631.4819453435997
2096,-745.4851770773873
2097,-841.6988487491292
2098,-813.1897325952377
2099,-640.3031183339175
2100,-810.8483639903387
2101,-644.407803444548
2102,-792.6967206399208
2103,-489.9142559006557
2104,-801.8799448600851
2105,-618.8574459347013
2106,-704.5097841020117
2107,-944.3764081713097
2108,-636.8645367722086
2109,-632.4399597948291
2110,-736.6624225633828
2111,-659.3619700273756
2112,-492.5523833090546
2113,-659.4367324418668
2114,-650.2117753555733
2115,-622.3450945066548
2116,-591.3276414572167
2117,-622.5939415935122
2118,-684.158836901315
2119,-525.6284939707117
2120,-700.9525919142119
2121,-718.7792545267603
2122,-634.9852891422157
2123,-627.273030922473
2124,-782.5611067819117
2125,-760.4786206550494
2126,-621.107561490951
2127,-778.1343722446045
2128,-664.7716349450525
2129,-591.4463694129979
2130,-732.4094031873454
2131,-669.8366489543301
2132,-779.8733940991277
2133,-870.4449761881139
2134,-644.9583151535644
2135,-786.3311141237031
2136,-758.212211120664
2137,-717.8343362786247
2138,-694.5572232103482
2139,-697.543809043295
2140,-696.2032316843445
2141,-611.7532924339764
2142,-625.8626572152227
2143,-656.7806328767352
2144,-877.8126800495687
2145,-736.871376131878
2146,-747.4945609125863
2147,-628.523003343914
2148,-724.5902677153407
2149,-641.3864613489338
2150,-673.5815452184588
2151,-656.3158671507798
2152,-617.3647922144829
2153,-686.5789688492147
2154,-501.7227989176674
2155,-669.3543784874822
2156,-537.9915790471767
2157,-646.5954622291791
2158,-678.0538539552869
2159,-589.0362219412026
2160,-689.5074156958663
2161,-689.5025591982984
2162,-561.6685560208751
2163,-583.4726388939904
2164,-542.2907187258585
2165,-638.6575736577571
2166,-728.95458547048
2167,-742.3276125631222
2168,-729.5817399263738
2169,-625.9436094788639
2170,-832.4825659527265
2171,-575.5913406322702
2172,-724.0493071167942
2173,-679.5062790881511
2174,-743.1203373288519
2175,-625.0759633656903
2176,-537.125784256667
2177,-736.3566992402441
2178,-695.3451530220345
2179,-665.039051027129
2180,-670.0724869537922
2181,-784.6047218626962
2182,-689.409769543711
2183,-651.5943051960242
2184,-646.7998539207024
2185,-603.8054558394628
2186,-588.5150867365446
2187,-641.4667606979738
2188,-771.6602915775118
2189,-657.9672855921917
2190,-602.7985401663176
2191,-702.5361572362322
2192,-643.175418794515
2193,-707.0324754049897
2194,-642.2500057505354
2195,-650.5351571541258
2196,-693.0124327823797
2197,-602.7485891980067
2198,-684.1459010195125
2199,-706.9501244608829
2200,-795.88850754164
2201,-746.838607902577
2202,-580.0200638538083
2203,-590.4107262541157
2204,-716.0575459186639
2205,-755.3891067735086
2206,-793.5707357515363
2207,-732.2834125344067
2208,-553.4255011723376
2209,-730.9488183448335
2210,-672.3805680811063
2211,-652.7523313867302
2212,-627.5374356049688
2213,-731.7627022099148
2214,-597.3775422409568
2215,-555.5590780225004
2216,-694.7043253010111
2217,-732.2828110870978
2218,-708.8119415865789
2219,-683.1147984437733
2220,-628.6151329892172
2221,-542.5851648091988
2222,-746.4856296043674
2223,-512.7328973295681
2224,-701.0882811311174
2225,-649.8547148761915
2226,-694.0320834335636
2227,-774.6083838309196
2228,-621.1806209147238
2229,-677.1168877238923
2230,-653.7294506202637
2231,-762.0711791964764
2232,-517.2490672710878
2233,-659.6992132097764
2234,-672.2057827131615
2235,-703.3205835738436
2236,-609.801033784124
2237,-611.1334736928745
2238,-716.47917157942
2239,-587.1372607057156
2240,-662.5439855200859
2241,-687.0184483988934
2242,-658.5991499903587
2243,-880.2019604213036
2244,-711.7995739959379
2245,-620.4283238930212
2246,-638.812921687
2247,-839.9879709078422
2248,-608.8786683072743
2249,-594.5069957926837
2250,-673.743678704123
2251,-599.6527490223357
2252,-812.0597424895158
2253,-646.9668773327057
2254,-657.214514464992
2255,-722.4637569729888
2256,-725.92903074865
2257,-590.0844431472877
2258,-616.3987259153664
2259,-671.4277512742221
2260,-566.600807742452
2261,-765.8741898233537
2262,-733.1826597389454
2263,-666.6149112073402
2264,-701.3614096167818
2265,-796.624344425843
2266,-870.9276301108946
2267,-799.7660393915734
2268,-578.7465055200039
2269,-661.2255388653641
2270,-771.5673550107281
2271,-653.0660812524033
2272,-911.6205148225209
2273,-724.2914662045498
2274,-842.877367724059
2275,-643.816366619545
2276,-629.7773454083338
2277,-803.5993801417749
2278,-648.1451064256357
2279,-660.4826974981918
2280,-626.9038507586392
2281,-603.6873824449981
2282,-757.6501356246587
2283,-634.7200163261559
2284,-630.4348775257101
2285,-725.9860552107974
2286,-733.1015577223794
2287,-670.6796970888465
2288,-628.7388151849754
2289,-629.6883122994387
2290,-716.3938619022778
2291,-720.7616869415209
2292,-686.8026424428388
2293,-682.156776693902
2294,-644.7878919473666
2295,-729.4770145043223
2296,-608.1449374774138
2297,-696.3371589576207
2298,-745.5234426837399
2299,-721.8065087654228
2300,-655.8888924159819
2301,-508.7088695325022
2302,-594.067630043816
2303,-648.4551760699761
2304,-675.2917823303312
2305,-830.1468723173691
2306,-682.7263649353648
2307,-700.9958557508045
2308,-812.8144292318481
2309,-879.4154702030069
2310,-677.3187590440524
2311,-673.4623543960057
2312,-668.9652108819637
2313,-688.7930011411429
2314,-635.4064503038692
2315,-800.5441483136083
2316,-728.2585777182859
2317,-599.9806529710523
2318,-688.8450976308287
2319,-652.8377973964159
2320,-651.7609878409052
2321,-575.3334837741576
2322,-683.2540729210322
2323,-663.8368962397504
2324,-687.7566946884394
2325,-638.3917961283847
2326,-657.9670438738809
2327,-615.6498334100643
2328,-647.696326448892
2329,-709.8337799142294
2330,-641.966866381089
2331,-777.1558088714895
2332,-759.1203852219411
2333,-636.8711392430596
2334,-697.001524645622
2335,-797.3171870340444
2336,-658.9901303220603
2337,-859.3618822202195
